-- Adminer 4.7.5 PostgreSQL dump

DROP TABLE IF EXISTS "Aktifitas";
CREATE TABLE "public"."Aktifitas" (
    "NamaUser" character varying(25) NOT NULL,
    "Aktifitas" character varying(100) NOT NULL,
    "TanggalAkses" timestamp NOT NULL
) WITH (oids = false);

INSERT INTO "Aktifitas" ("NamaUser", "Aktifitas", "TanggalAkses") VALUES
('admin',	'Login',	'2019-12-19 12:24:20'),
('admin',	'Log Out',	'2019-12-19 12:25:56'),
('admin',	'Login',	'2019-12-19 12:28:45'),
('admin',	'Akses Menu Dashboard',	'2019-12-19 12:28:45'),
('admin',	'Filter Bulan Pada Menu Dashboard',	'2019-12-19 12:34:23'),
('admin',	'Filter Bulan Dan Bidang Pajak Pada Menu Dashboard',	'2019-12-19 12:34:34'),
('admin',	'Akses Menu Rekening',	'2019-12-19 13:06:47'),
('admin',	'Tambah Data Rekening Dengan Nomor = 4.1.1.01.01',	'2019-12-19 13:07:01'),
('admin',	'Akses Menu Rekening',	'2019-12-19 13:07:01'),
('admin',	'Hapus Data Rekening Dengan Nomor = 4.1.1.01.01',	'2019-12-19 13:07:05'),
('admin',	'Akses Menu Rekening',	'2019-12-19 13:07:05'),
('admin',	'Akses Menu User',	'2019-12-19 13:21:50'),
('admin',	'Tambah Data User Dengan Username = iyonk',	'2019-12-19 13:22:13'),
('admin',	'Akses Menu User',	'2019-12-19 13:22:14'),
('admin',	'Edit Data User Dengan Username = iyong',	'2019-12-19 13:22:31'),
('admin',	'Akses Menu User',	'2019-12-19 13:22:31'),
('admin',	'Hapus Data User Dengan Username = iyong',	'2019-12-19 13:22:56'),
('admin',	'Akses Menu User',	'2019-12-19 13:22:56'),
('admin',	'Download Pdf Laporan Data Transaksi Tahunan',	'2019-12-19 13:53:04'),
('admin',	'Akses Menu Aktifitas',	'2019-12-19 13:53:11'),
('admin',	'Log Out',	'2019-12-19 13:53:58'),
('econk',	'Login',	'2019-12-19 13:54:08'),
('econk',	'Akses Menu Dashboard',	'2019-12-19 13:54:08'),
('econk',	'Akses Menu Dashboard',	'2019-12-19 13:54:08'),
('econk',	'Akses Menu Aktifitas',	'2019-12-19 13:54:19'),
('econk',	'Log Out',	'2019-12-19 13:55:01'),
('1507.199.615',	'Login',	'2019-12-19 13:55:05'),
('1507.199.615',	'Akses Menu Transaksi Tahunan',	'2019-12-19 13:55:05'),
('1507.199.615',	'Log Out',	'2019-12-19 13:55:11'),
('econk',	'Login',	'2019-12-19 13:56:22'),
('econk',	'Akses Menu Dashboard',	'2019-12-19 13:56:22'),
('econk',	'Akses Menu Dashboard',	'2019-12-19 13:56:22'),
('econk',	'Log Out',	'2019-12-19 13:56:24'),
('admin',	'Login',	'2019-12-19 13:56:28'),
('admin',	'Akses Menu Dashboard',	'2019-12-19 13:56:28'),
('admin',	'Akses Menu Dashboard',	'2019-12-19 13:56:28'),
('admin',	'Akses Menu Aktifitas',	'2019-12-19 13:56:31'),
('admin',	'Akses Menu Wajib Pajak',	'2019-12-19 14:12:18'),
('admin',	'Akses Menu Aktifitas',	'2019-12-19 14:12:21'),
('admin',	'Lihat Status Wajib Pajak 1507.199.615',	'2019-12-19 14:12:32'),
('admin',	'Disable Wajib Pajak Dengan NPWPD = 1507.199.615',	'2019-12-19 14:12:35'),
('admin',	'Enable Wajib Pajak Dengan NPWPD = 1507.199.615',	'2019-12-19 14:12:36'),
('admin',	'Akses Menu Aktifitas',	'2019-12-19 14:12:39'),
('admin',	'Download Pdf Data Wajib Pajak',	'2019-12-19 14:12:57'),
('admin',	'Download Excel Data Wajib Pajak',	'2019-12-19 14:13:00'),
('admin',	'Akses Menu Aktifitas',	'2019-12-19 14:13:03'),
('admin',	'Akses Menu Aktifitas',	'2019-12-19 14:13:09'),
('admin',	'Tambah Data Wajib Pajak Dengan NPWPD = 1311.414.141',	'2019-12-19 14:13:55'),
('admin',	'Akses Menu Wajib Pajak',	'2019-12-19 14:13:55'),
('admin',	'Edit Data Wajib Pajak Dengan NPWPD = 1311.414.141',	'2019-12-19 14:14:09'),
('admin',	'Akses Menu Wajib Pajak',	'2019-12-19 14:14:09'),
('admin',	'Akses Menu Wajib Pajak',	'2019-12-19 14:14:12'),
('admin',	'Akses Menu Aktifitas',	'2019-12-19 14:14:14'),
('admin',	'Hapus Data Wajib Pajak Dengan NPWPD = 1311.414.141',	'2019-12-19 14:14:12'),
('admin',	'Log Out',	'2019-12-19 14:15:12'),
('admin',	'Login',	'2019-12-20 09:05:15'),
('admin',	'Akses Menu Dashboard',	'2019-12-20 09:05:15'),
('admin',	'Akses Menu Dashboard',	'2019-12-20 09:05:15'),
('admin',	'Akses Menu Transaksi Tahunan',	'2019-12-20 09:12:24'),
('admin',	'Log Out',	'2019-12-20 09:13:06'),
('admin',	'Login',	'2019-12-21 20:02:42'),
('admin',	'Akses Menu Dashboard',	'2019-12-21 20:02:42'),
('admin',	'Akses Menu Dashboard',	'2019-12-21 20:02:43'),
('admin',	'Log Out',	'2019-12-21 20:02:46'),
('admin',	'Login',	'2019-12-21 20:11:08'),
('admin',	'Akses Menu Dashboard',	'2019-12-21 20:11:08'),
('admin',	'Akses Menu Dashboard',	'2019-12-21 20:11:08'),
('admin',	'Akses Menu Wajib Pajak',	'2019-12-21 20:11:13'),
('admin',	'Lihat Status Wajib Pajak 1507.199.615',	'2019-12-21 20:11:19'),
('admin',	'Lihat Status Wajib Pajak 1507.199.615',	'2019-12-21 20:12:35'),
('admin',	'Akses Menu Wajib Pajak',	'2019-12-21 20:12:57'),
('admin',	'Lihat Status Wajib Pajak 1507.199.615',	'2019-12-21 20:12:59'),
('admin',	'Akses Menu Wajib Pajak',	'2019-12-21 20:16:40'),
('admin',	'Lihat Status Wajib Pajak 1507.199.615',	'2019-12-21 20:16:43'),
('admin',	'Akses Menu Wajib Pajak',	'2019-12-21 20:17:00'),
('admin',	'Lihat Status Wajib Pajak 1507.199.615',	'2019-12-21 20:17:02'),
('admin',	'Akses Menu Wajib Pajak',	'2019-12-21 20:18:11'),
('admin',	'Lihat Status Wajib Pajak 1507.199.615',	'2019-12-21 20:18:15'),
('admin',	'Akses Menu Wajib Pajak',	'2019-12-21 20:22:33'),
('admin',	'Lihat Status Wajib Pajak 1507.199.615',	'2019-12-21 20:22:35'),
('admin',	'Lihat Status Wajib Pajak 1507.199.615',	'2019-12-21 20:23:03'),
('admin',	'Akses Menu Wajib Pajak',	'2019-12-21 20:23:12'),
('admin',	'Lihat Status Wajib Pajak 1507.199.615',	'2019-12-21 20:23:14'),
('admin',	'Lihat Status Wajib Pajak 1507.199.615',	'2019-12-21 20:25:24'),
('admin',	'Lihat Status Wajib Pajak 1507.199.615',	'2019-12-21 20:25:33'),
('admin',	'Lihat Status Wajib Pajak 1507.199.615',	'2019-12-21 20:27:06'),
('admin',	'Lihat Status Wajib Pajak 1507.199.615',	'2019-12-21 20:31:06'),
('admin',	'Lihat Status Wajib Pajak 1507.199.615',	'2019-12-21 20:31:20'),
('admin',	'Lihat Status Wajib Pajak 1507.199.615',	'2019-12-21 20:31:33'),
('admin',	'Akses Menu Dashboard',	'2019-12-21 22:06:32'),
('admin',	'Akses Menu Dashboard',	'2019-12-21 22:06:32'),
('admin',	'Log Out',	'2019-12-21 22:06:38'),
('admin',	'Login',	'2019-12-21 22:28:30'),
('admin',	'Akses Menu Dashboard',	'2019-12-21 22:28:30'),
('admin',	'Akses Menu Dashboard',	'2019-12-21 22:28:30'),
('admin',	'Akses Menu Wajib Pajak',	'2019-12-21 22:29:19'),
('admin',	'Lihat Status Wajib Pajak 1507.199.615',	'2019-12-21 22:29:22'),
('admin',	'Disable Wajib Pajak Dengan NPWPD = 1507.199.615',	'2019-12-21 22:29:35'),
('admin',	'Lihat Status Wajib Pajak 1507.199.615',	'2019-12-21 22:29:36'),
('admin',	'Enable Wajib Pajak Dengan NPWPD = 1507.199.615',	'2019-12-21 22:29:44'),
('admin',	'Lihat Status Wajib Pajak 1507.199.615',	'2019-12-21 22:29:46'),
('admin',	'Lihat Status Wajib Pajak 1507.199.615',	'2019-12-21 22:30:42'),
('admin',	'Lihat Status Wajib Pajak 1507.199.615',	'2019-12-21 22:30:59'),
('admin',	'Lihat Status Wajib Pajak 1507.199.615',	'2019-12-21 22:31:19'),
('admin',	'Lihat Status Wajib Pajak 1507.199.615',	'2019-12-21 22:31:27'),
('admin',	'Lihat Status Wajib Pajak 1507.199.615',	'2019-12-21 22:31:30'),
('admin',	'Lihat Status Wajib Pajak 1507.199.615',	'2019-12-21 22:32:17'),
('admin',	'Lihat Status Wajib Pajak 1507.199.615',	'2019-12-21 22:33:15'),
('admin',	'Lihat Status Wajib Pajak 1507.199.615',	'2019-12-21 22:33:32'),
('admin',	'Lihat Status Wajib Pajak 1507.199.615',	'2019-12-21 22:33:42'),
('admin',	'Lihat Status Wajib Pajak 1507.199.615',	'2019-12-21 22:33:50'),
('admin',	'Lihat Status Wajib Pajak 1507.199.615',	'2019-12-21 22:35:14'),
('admin',	'Akses Menu Wajib Pajak',	'2019-12-21 22:39:30'),
('admin',	'Lihat Status Wajib Pajak 1507.199.615',	'2019-12-21 22:39:33'),
('admin',	'Lihat Status Wajib Pajak 1507.199.615',	'2019-12-21 22:39:35'),
('admin',	'Akses Menu Wajib Pajak',	'2019-12-21 22:44:22'),
('admin',	'Lihat Status Wajib Pajak 1507.199.615',	'2019-12-21 22:44:27'),
('admin',	'Akses Menu Rekening',	'2019-12-22 00:44:18'),
('admin',	'Akses Menu Wajib Pajak',	'2019-12-22 00:44:54'),
('admin',	'Akses Menu User',	'2019-12-22 00:46:48'),
('admin',	'Login',	'2019-12-22 16:57:07'),
('admin',	'Akses Menu Dashboard',	'2019-12-22 16:57:07'),
('admin',	'Akses Menu Dashboard',	'2019-12-22 16:57:07'),
('admin',	'Akses Menu Rekening',	'2019-12-22 16:57:12'),
('admin',	'Akses Menu User',	'2019-12-22 16:57:13'),
('admin',	'Login',	'2019-12-23 14:13:15'),
('admin',	'Akses Menu Dashboard',	'2019-12-23 14:13:15'),
('admin',	'Akses Menu Dashboard',	'2019-12-23 14:13:15'),
('admin',	'Login',	'2019-12-23 14:22:46'),
('admin',	'Akses Menu Dashboard',	'2019-12-23 14:22:47'),
('admin',	'Akses Menu Dashboard',	'2019-12-23 14:22:47'),
('admin',	'Akses Menu Aktifitas',	'2019-12-23 14:23:00'),
('admin',	'Akses Menu Rekening',	'2019-12-23 14:23:26'),
('admin',	'Akses Menu Aktifitas',	'2019-12-23 14:23:28'),
('admin',	'Akses Menu User',	'2019-12-23 14:23:55'),
('admin',	'Akses Menu Wajib Pajak',	'2019-12-23 14:24:16'),
('admin',	'Akses Menu User',	'2019-12-23 14:24:25'),
('admin',	'Log Out',	'2019-12-23 14:24:29'),
('econk',	'Login',	'2019-12-23 14:25:01'),
('econk',	'Akses Menu Dashboard',	'2019-12-23 14:25:01'),
('econk',	'Akses Menu Dashboard',	'2019-12-23 14:25:01'),
('econk',	'Akses Menu Transaksi Tahunan',	'2019-12-23 14:25:08'),
('econk',	'Akses Menu Rekening',	'2019-12-23 14:25:15'),
('econk',	'Akses Menu Wajib Pajak',	'2019-12-23 14:25:33'),
('econk',	'Log Out',	'2019-12-23 14:25:44'),
('1507.199.615',	'Login',	'2019-12-23 14:26:00'),
('1507.199.615',	'Akses Menu Transaksi Tahunan',	'2019-12-23 14:26:00'),
('1507.199.615',	'Akses Menu Transaksi Harian',	'2019-12-23 14:26:05'),
('1507.199.615',	'Akses Menu Transaksi Bulanan',	'2019-12-23 14:26:09'),
('1507.199.615',	'Akses Menu Transaksi Tahunan',	'2019-12-23 14:26:10'),
('1507.199.615',	'Log Out',	'2019-12-23 14:26:20'),
('admin',	'Login',	'2019-12-23 14:26:28'),
('admin',	'Akses Menu Dashboard',	'2019-12-23 14:26:28'),
('admin',	'Akses Menu Dashboard',	'2019-12-23 14:26:28'),
('admin',	'Akses Menu Wajib Pajak',	'2019-12-23 14:26:31'),
('admin',	'Akses Menu Rekening',	'2019-12-23 14:27:29'),
('admin',	'Akses Menu Wajib Pajak',	'2019-12-23 14:27:55'),
('admin',	'Lihat Status Wajib Pajak 1507.199.615',	'2019-12-23 14:30:24'),
('admin',	'Lihat Status Wajib Pajak 1507.199.615',	'2019-12-23 14:30:34'),
('admin',	'Lihat Status Wajib Pajak 1507.199.615',	'2019-12-23 14:31:03'),
('admin',	'Lihat Status Wajib Pajak 1507.199.615',	'2019-12-23 14:31:47'),
('admin',	'Disable Wajib Pajak Dengan NPWPD = 1507.199.615',	'2019-12-23 14:32:22'),
('admin',	'Lihat Status Wajib Pajak 1507.199.615',	'2019-12-23 14:32:23'),
('admin',	'Enable Wajib Pajak Dengan NPWPD = 1507.199.615',	'2019-12-23 14:32:31'),
('admin',	'Disable Wajib Pajak Dengan NPWPD = 1507.199.615',	'2019-12-23 14:32:33'),
('admin',	'Enable Wajib Pajak Dengan NPWPD = 1507.199.615',	'2019-12-23 14:33:57'),
('admin',	'Akses Menu User',	'2019-12-23 14:42:34'),
('econk',	'Login',	'2019-12-24 07:40:07'),
('econk',	'Akses Menu Dashboard',	'2019-12-24 07:40:07'),
('econk',	'Akses Menu Dashboard',	'2019-12-24 07:40:07'),
('econk',	'Akses Menu Transaksi Tahunan',	'2019-12-24 07:40:33'),
('econk',	'Akses Menu Rekening',	'2019-12-24 07:40:43'),
('econk',	'Akses Menu Rekening',	'2019-12-24 07:41:37'),
('econk',	'Akses Menu Rekening',	'2019-12-24 07:41:55'),
('econk',	'Akses Menu Rekening',	'2019-12-24 07:42:12'),
('econk',	'Akses Menu Wajib Pajak',	'2019-12-24 07:42:20'),
('econk',	'Akses Menu Wajib Pajak',	'2019-12-24 07:42:46'),
('econk',	'Akses Menu Wajib Pajak',	'2019-12-24 07:42:56'),
('econk',	'Log Out',	'2019-12-24 07:43:18'),
('econk',	'Login',	'2019-12-24 07:43:25'),
('econk',	'Akses Menu Dashboard',	'2019-12-24 07:43:25'),
('econk',	'Akses Menu Dashboard',	'2019-12-24 07:43:25'),
('econk',	'Akses Menu Wajib Pajak',	'2019-12-24 07:43:27'),
('econk',	'Log Out',	'2019-12-24 07:43:37'),
('admin',	'Login',	'2019-12-24 07:43:41'),
('admin',	'Akses Menu Dashboard',	'2019-12-24 07:43:41'),
('admin',	'Akses Menu Dashboard',	'2019-12-24 07:43:41'),
('admin',	'Akses Menu Wajib Pajak',	'2019-12-24 07:43:48'),
('admin',	'Akses Menu Wajib Pajak',	'2019-12-24 07:54:13'),
('admin',	'Akses Menu Wajib Pajak',	'2019-12-24 08:00:51'),
('admin',	'Akses Menu Wajib Pajak',	'2019-12-24 08:01:02'),
('admin',	'Akses Menu Wajib Pajak',	'2019-12-24 08:10:12'),
('admin',	'Akses Menu Wajib Pajak',	'2019-12-24 08:10:44'),
('admin',	'Akses Menu Wajib Pajak',	'2019-12-24 08:21:30'),
('admin',	'Akses Menu Wajib Pajak',	'2019-12-24 08:24:15'),
('admin',	'Akses Menu Wajib Pajak',	'2019-12-24 08:25:20'),
('admin',	'Akses Menu Wajib Pajak',	'2019-12-24 08:26:29'),
('admin',	'Akses Menu Wajib Pajak',	'2019-12-24 08:28:13'),
('admin',	'Akses Menu Wajib Pajak',	'2019-12-24 08:30:03'),
('admin',	'Tambah Data Wajib Pajak Dengan NPWPD = 1507.199.696',	'2019-12-24 08:30:27'),
('admin',	'Akses Menu Wajib Pajak',	'2019-12-24 08:30:27'),
('admin',	'Akses Menu Rekening',	'2019-12-24 08:31:32'),
('admin',	'Edit Data Rekening Dengan Nomor = 4.1.1.02.15',	'2019-12-24 08:32:06'),
('admin',	'Akses Menu Rekening',	'2019-12-24 08:32:06'),
('admin',	'Akses Menu Wajib Pajak',	'2019-12-24 08:32:29'),
('admin',	'Akses Menu Rekening',	'2019-12-24 08:32:33'),
('admin',	'Edit Data Rekening Dengan Nomor = 4.1.1.02.02',	'2019-12-24 08:32:44'),
('admin',	'Akses Menu Rekening',	'2019-12-24 08:32:44'),
('admin',	'Akses Menu Wajib Pajak',	'2019-12-24 08:32:46');

DROP TABLE IF EXISTS "Akun";
CREATE TABLE "public"."Akun" (
    "Username" character varying(25) NOT NULL,
    "Password" character varying(60) NOT NULL,
    "JenisAkun" character varying(1) NOT NULL,
    "Pembuat" character varying(25),
    "WaktuRegistrasi" timestamp,
    CONSTRAINT "Akun_Username" PRIMARY KEY ("Username")
) WITH (oids = false);

INSERT INTO "Akun" ("Username", "Password", "JenisAkun", "Pembuat", "WaktuRegistrasi") VALUES
('admin',	'$2y$10$EScvpZpsHjfILo8vKxSCK.IM.Mfs4TgHVZkuLepqq2UG.TmzeV5NO',	'1',	'admin',	'2019-12-16 13:29:31'),
('econk',	'$2y$10$1bXAgrQb1IU0PleAX0ywGeFComJ1HSaYL3i/2UwxnS7.brTcb7ltm',	'2',	'admin',	'2019-12-18 23:05:28'),
('1507.199.615',	'$2y$10$/leMOJL5K7i7UUWwcI4sp.VHlw1gBZR2DBYc4o8VsCS58g6/jGnaa',	'3',	'admin',	'2019-12-18 23:05:54');

DROP TABLE IF EXISTS "Rekening";
CREATE TABLE "public"."Rekening" (
    "NomorRekening" character varying(15) NOT NULL,
    "JenisPajak" character varying(25) NOT NULL,
    "SubJenisPajak" character varying(25) NOT NULL,
    CONSTRAINT "Rekening_NomorRekening" PRIMARY KEY ("NomorRekening")
) WITH (oids = false);

INSERT INTO "Rekening" ("NomorRekening", "JenisPajak", "SubJenisPajak") VALUES
('01.04',	'Hotel',	'Hotel Bintang Tiga'),
('07.01',	'Parkir',	'Parkir'),
('03.05',	'Hiburan',	'Pameran'),
('02.02',	'Restoran',	'Restoran Makan');

DROP TABLE IF EXISTS "Transaksi";
CREATE TABLE "public"."Transaksi" (
    "NPWPD" character varying(12) NOT NULL,
    "NomorTransaksi" character varying(25) NOT NULL,
    "SubNominal" character varying(15) NOT NULL,
    "Service" character varying(15) NOT NULL,
    "Diskon" character varying(15) NOT NULL,
    "Pajak" character varying(15) NOT NULL,
    "TotalTransaksi" character varying(15) NOT NULL,
    "WaktuTransaksi" timestamp,
    "JenisPajak" character varying(15),
    CONSTRAINT "Transaksi_NPWPD_fkey" FOREIGN KEY ("NPWPD") REFERENCES "WajibPajak"("NPWPD") ON UPDATE CASCADE ON DELETE RESTRICT NOT DEFERRABLE
) WITH (oids = false);

INSERT INTO "Transaksi" ("NPWPD", "NomorTransaksi", "SubNominal", "Service", "Diskon", "Pajak", "TotalTransaksi", "WaktuTransaksi", "JenisPajak") VALUES
('1507.199.615',	'1',	'51363',	'0',	'0',	'5136',	'56499',	'2019-12-10 15:01:00',	'Hotel'),
('1507.199.615',	'2',	'22728',	'0',	'0',	'2272',	'25000',	'2019-12-10 15:02:00',	'Hotel');

DROP TABLE IF EXISTS "WajibPajak";
CREATE TABLE "public"."WajibPajak" (
    "NPWPD" character varying(12) NOT NULL,
    "NamaWP" character varying(50) NOT NULL,
    "AlamatWP" character varying(50) NOT NULL,
    "NomorRekening" character varying(15) NOT NULL,
    "JamOperasional" character varying(11) NOT NULL,
    "Riwayat" character varying(25),
    "Status" character varying(10),
    "Koneksi" character varying(25),
    "Password" character varying(60),
    "Pembuat" character varying(25),
    "WaktuRegistrasi" timestamp,
    "PengirimanPertama" timestamp,
    "Sinyal" timestamp,
    CONSTRAINT "WajibPajak_NPWPD" PRIMARY KEY ("NPWPD"),
    CONSTRAINT "WajibPajak_NomorRekening_fkey" FOREIGN KEY ("NomorRekening") REFERENCES "Rekening"("NomorRekening") ON UPDATE CASCADE ON DELETE RESTRICT NOT DEFERRABLE
) WITH (oids = false);

INSERT INTO "WajibPajak" ("NPWPD", "NamaWP", "AlamatWP", "NomorRekening", "JamOperasional", "Riwayat", "Status", "Koneksi", "Password", "Pembuat", "WaktuRegistrasi", "PengirimanPertama", "Sinyal") VALUES
('1507.199.615',	'Hotel A',	'Malang',	'01.04',	'07.00-22.00',	'2019-12-20 00:06:38',	'Online',	'text',	'$2y$10$iSuBN7pciQJI82qI35xpNelfN7pPzoUpSPuhql5dnb4VWAYVPm3Qa',	'admin',	'2019-12-18 20:57:11',	'2019-12-18 22:23:22',	'2019-12-23 14:38:45'),
('1507.199.696',	'Restoran B',	'Demung',	'02.02',	'08.00-20.00',	NULL,	'Online',	'text',	'$2y$10$Q8QcHUnqjsSgErxXC.nC.O.fWCPlf1cFRsafas2eZ0aAXT3MhItCu',	'admin',	'2019-12-24 08:30:27',	NULL,	'2019-12-24 17:59:00');

-- 2019-12-24 18:02:53.37077+07
